chu_uuid,chu_code,chu_name,chv_area_uuid,chv_area_name,phone,period_start,period_start_epoch,facility_join_field,OXgWwVp4SLi,zhwGF3FDj8B,b16FHzbfVUe,NjcDm9nopWu,vAkP6k0yZDk,VrpxWLhfIr6,fdsnixQkKCY,ZkAL6i7sS2S,zbYf5G3P7Fv,hYPcrC46URl,umcBUHyhuTc,SnP5Qr06tLy,d0XSdWwIlCU,v9HafndlV8q,KHfPfnhSjmA,sXPwrF8r04E,Gx1XLLsvwAZ,LGsW5FyZFwZ,vGvOtbvhclF,z9qwgod3UiG,d0zEtbkJnel,xXhZ15pqy4p,KiKtdZ5rV5d,lhkXObzaWr3,qNoOzWtEpuD,bbrNRV9zwVa,TLKNYG2xGad,NvUUbEhFVcO,h9VcGyaQkfZ,LHd6A9RtHRF,jx879BUZ39L,X9d8oaBHDqx,vB85yqSN4gx,tuIDKhqDdcB,JrdSl1ADdBC,idiiaWIh2qi,ekh0oJidJ38,ksINuMMr419,dmU5MIrpsP7,TfmOlLMrQc6,yHBk3iXClvx,q90IMsLpFO4,rdJBPSOGJlA,NjCLHbMeaNw,eLMPka37L2p,HHyDcD7IjqT,siQaAwG3fiQ,RhriKmKbHuH,XP1JclLpKdP,mOoe88OmCct,RivX8a7SDU3,wYD1JE3Tgsu,vyCCWAqAP5x,XDgpSRb8Ofv,QAKpLg7iZEJ,iJpuwr4Hqj1,r1ed7zn2Q0a,ylvw7Y1OB1H,HC2a1iMVGPv,Qr3F0zbsMmN,RlDNgxU0gn3,RKBTMciF0Tk,gpYrkLhO4wB,RXgNfdYSJPh,eUakxWsxkcq,V9SqzZHKoP7,WBTvg49kJHr,wMQolZyIR5P,V00z4bQRaqe,AR3WCfcKDwX,YCWGGPn7tdl,ZAsCMIJLkvj,QfBRPj1q0W1,oVxxa344TPs,Y0ZpWnkp4v9,ybfaTwL9yBA,aod6Gz2QUg2,bWTVzXQoxpt,I9yVwu1FWu6,jBYvAmDdyfY,zW17XEoFhAN,rdcZ1ni3jrD
All,I8jLpGu7Hpy,All,All,All,,2022-03-01,1646092800,All,0,0,0,0,0,0,0,0,0,0,0,0,0,0,0,0,0,0,0,0,0,0,0,0,0,0,0,0,0,0,0,0,0,0,0,0,0,0,0,0,0,0,0,0,0,0,0,0,0,0,0,0,0,0,0,0,0,0,0,0,0,0,0,0,0,0,0,0,0,0,0,0,0,0,0,0,0,0,0,0,0,0
All,I8jLpGu7Hpy,All,All,All,,2022-04-01,1648771200,All,0,0,0,0,0,0,0,0,0,0,0,0,0,0,0,0,0,0,0,0,0,0,0,0,0,0,0,0,0,0,0,0,0,0,0,0,0,0,0,0,0,0,0,0,0,0,0,0,0,0,0,0,0,0,0,0,0,0,0,0,0,0,0,0,0,0,0,0,0,0,0,0,0,0,0,0,0,0,0,0,0,0
All,I8jLpGu7Hpy,All,All,All,,2022-05-01,1651363200,All,0,0,0,0,0,0,0,0,0,0,0,0,0,0,0,0,0,0,0,0,0,0,0,0,0,0,0,0,0,0,0,0,0,0,0,0,0,0,0,0,0,0,0,0,0,0,0,0,0,0,0,0,0,0,0,0,0,0,0,0,0,0,0,0,0,0,0,0,0,0,0,0,0,0,0,0,0,0,0,0,0,0
All,I8jLpGu7Hpy,All,All,All,,2022-06-01,1654041600,All,0,0,0,0,0,0,0,0,0,0,0,0,0,0,0,0,0,0,0,0,0,0,0,0,0,0,0,0,0,0,0,0,0,0,0,0,0,0,0,0,0,0,0,0,0,0,0,0,0,0,0,0,0,0,0,0,0,0,0,0,0,0,0,0,0,0,0,0,0,0,0,0,0,0,0,0,0,0,0,0,0,0
All,I8jLpGu7Hpy,All,All,All,,2022-07-01,1656633600,All,0,0,0,0,0,0,0,0,0,0,0,0,0,0,0,0,0,0,0,0,0,0,0,0,0,0,0,0,0,0,0,0,0,0,0,0,0,0,0,0,0,0,0,0,0,0,0,0,0,0,0,0,0,0,0,0,0,0,0,0,0,0,0,0,0,0,0,0,0,0,0,0,0,0,0,0,0,0,0,0,0,0
All,I8jLpGu7Hpy,All,All,All,,2022-08-01,1659312000,All,0,0,0,0,0,0,0,0,0,0,0,0,0,0,0,0,0,0,0,0,0,0,0,0,0,0,0,0,0,0,0,0,0,0,0,0,0,0,0,0,0,0,0,0,0,0,0,0,0,0,0,0,0,0,0,0,0,0,0,0,0,0,0,0,0,0,0,0,0,0,0,0,0,0,0,0,0,0,0,0,0,0
All,I8jLpGu7Hpy,All,All,All,,2022-09-01,1661990400,All,0,0,0,0,0,0,0,0,0,0,0,0,0,0,0,0,0,0,0,0,0,0,0,0,0,0,0,0,0,0,0,0,0,0,0,0,0,0,0,0,0,0,0,0,0,0,0,0,0,0,0,0,0,0,0,0,0,0,0,0,0,0,0,0,0,0,0,0,0,0,0,0,0,0,0,0,0,0,0,0,0,0
All,I8jLpGu7Hpy,All,All,All,,2022-10-01,1664582400,All,0,0,0,0,0,0,0,0,0,0,0,0,0,0,0,0,0,0,0,0,0,0,0,0,0,0,0,0,0,0,0,0,0,0,0,0,0,0,0,0,0,0,0,0,0,0,0,0,0,0,0,0,0,0,0,0,0,0,0,0,0,0,0,0,0,0,0,0,0,0,0,0,0,0,0,0,0,0,0,0,0,0
All,I8jLpGu7Hpy,All,All,All,,2022-11-01,1667260800,All,0,0,0,0,0,0,0,0,0,0,0,0,0,0,0,0,0,0,0,0,0,0,0,0,0,0,0,0,0,0,0,0,0,0,0,0,0,0,0,0,0,0,0,0,0,0,0,0,0,0,0,0,0,0,0,0,0,0,0,0,0,0,0,0,0,0,0,0,0,0,0,0,0,0,0,0,0,0,0,0,0,0
All,I8jLpGu7Hpy,All,All,All,,2022-12-01,1669852800,All,0,0,0,0,0,0,0,0,0,0,0,0,0,0,0,0,0,0,0,0,0,0,0,0,0,0,0,0,0,0,0,0,0,0,0,0,0,0,0,0,0,0,0,0,0,0,0,0,0,0,0,0,0,0,0,0,0,0,0,0,0,0,0,0,0,0,0,0,0,0,0,0,0,0,0,0,0,0,0,0,0,0
All,I8jLpGu7Hpy,All,All,All,,2023-01-01,1672531200,All,0,0,0,0,0,0,0,0,0,0,0,0,0,0,0,0,0,0,0,0,0,0,0,0,0,0,0,0,0,0,0,0,0,0,0,0,0,0,0,0,0,0,0,0,0,0,0,0,0,0,0,0,0,0,0,0,0,0,0,0,0,0,0,0,0,0,0,0,0,0,0,0,0,0,0,0,0,0,0,0,0,0
All,I8jLpGu7Hpy,All,All,All,,2023-02-01,1675209600,All,12,12,12,12,12,12,12,12,12,12,12,12,12,12,12,12,12,12,12,12,12,12,12,12,12,12,12,12,12,12,12,12,12,12,12,12,12,12,12,12,12,12,12,12,12,12,12,12,12,12,12,12,12,12,12,12,12,12,12,12,12,12,0,0,0,0,0,0,0,0,0,0,0,0,0,0,0,0,0,0,0,0
All,I8jLpGu7Hpy,All,All,All,,2023-03-01,1677628800,All,0,0,0,0,0,0,0,0,0,0,0,0,0,0,0,0,0,0,0,0,0,0,0,0,0,0,0,0,0,0,0,0,0,0,0,0,0,0,0,0,0,0,0,0,0,0,0,0,0,0,0,0,0,0,0,0,0,0,0,0,0,0,0,0,0,0,0,0,0,0,0,0,0,0,0,0,0,0,0,0,0,0
